{"cameraMode":{"drawMode":0,"name":"Shaded","section":"Shading Mode"},"sceneLighting":false,"audioPlay":false,"sceneViewState":{"showFog":true,"showMaterialUpdate":false,"showSkybox":true,"showFlares":true,"showImageEffects":true,"showParticleSystems":true},"in2DMode":false,"pivot":{"x":-0.07859700918197632,"y":0.6532138586044312,"z":5.996331214904785},"rotation":{"x":0.04677322506904602,"y":-0.5367843508720398,"z":0.02982214465737343,"w":0.8418949246406555},"size":11.83328914642334,"orthographic":false}