{"cameraMode":{"drawMode":0,"name":"Shaded","section":"Shading Mode"},"sceneLighting":false,"audioPlay":false,"sceneViewState":{"showFog":true,"showMaterialUpdate":false,"showSkybox":true,"showFlares":true,"showImageEffects":true,"showParticleSystems":true},"in2DMode":false,"pivot":{"x":4.040088176727295,"y":0.8660236597061157,"z":2.5752034187316896},"rotation":{"x":0.18374678492546082,"y":-0.2371187061071396,"z":0.04572610929608345,"w":0.9528539180755615},"size":11.514345169067383,"orthographic":false}